date,commit_sha,notes
2022-11-08,c6da9fe2699feef2562a42d2c44a5996793d4584,First drop on election night
2022-11-09,0b59ddfcd55c95baef5751c55716b60402d4bdc6,Final drop on election night
2022-11-10,9959704fb6ae11a136a2ca28964551b5d35d1bb8,
2022-11-11,82fc2ea1f97563f32e64acbeedcd14abb8ce994a,
2022-11-12,30656cb78a5f5f153c1f6f8d40fd9b1d3d44319a,
2022-11-14,1ac45f484f797f79b267dde757ad7ec8ec9f98d8,
2022-11-15,1c69561b3f5cf44a770885568c8ddf0682546cc1,
2022-11-16,42c2aa7769ca5895ccb8dd8bfe4277f39a883f48,
2022-11-17,637c95c870dd79847939da2be39b15c21322ea43,
2022-11-18,1e5ac4c537fef582bbb5660b237334af26cb5013,
2022-11-19,f963d8fb0b3d279180f669aa291c8689fbf3a7ab,
